value_type,row_type,case,run,metric,scope,publisher,n,median,p95,p99,min,max,mean,std,k_runs,median_mean,median_ci95_low,median_ci95_high,p95_mean,p95_ci95_low,p95_ci95_high,p99_mean,p99_ci95_low,p99_ci95_high,mean_mean,mean_ci95_low,mean_ci95_high,std_mean,std_ci95_low,std_ci95_high,min_mean,min_ci95_low,min_ci95_high,max_mean,max_ci95_low,max_ci95_high,n_mean
raw,per_run,baseline,baseline_001,SV_interarrival_ms,publisher,00:30:a7:00:00:03,2375.0,50.15754699707031,50.30710697174072,56.22873306274411,50.06670951843262,140.26474952697754,50.43522664120323,3.1602286272780993,,,,,,,,,,,,,,,,,,,,,,,
raw,per_run,baseline,baseline_001,SV_interarrival_ms,publisher,b4:b1:5a:00:00:02,2379.0,50.16303062438965,50.29106140136719,51.27513885498047,50.06837844848633,129.49275970458984,50.35848815985315,2.6974358466066137,,,,,,,,,,,,,,,,,,,,,,,
raw,per_run,baseline,baseline_001,SV_interarrival_ms,aggregated,ALL,4754.0,50.16028881072998,50.29704570770264,53.04677248001102,50.06670951843262,140.26474952697754,50.39682511677499,2.938015366603909,,,,,,,,,,,,,,,,,,,,,,,
raw,per_run,baseline,baseline_001,GOOSE_interarrival_ms,publisher,00:30:a7:00:00:04,117.0,1009.9611282348633,1017.0788764953613,1023.6202049255371,1000.2424716949463,1027.1656513214111,1010.0175987960946,3.8716675810818786,,,,,,,,,,,,,,,,,,,,,,,
raw,per_run,baseline,baseline_001,GOOSE_interarrival_ms,publisher,b4:b1:5a:0a:b4:01,117.0,1010.0281238555908,1016.524600982666,1029.3436431884766,1005.0432682037354,1037.9772186279297,1010.3674260979025,4.496815100039761,,,,,,,,,,,,,,,,,,,,,,,
raw,per_run,baseline,baseline_001,GOOSE_interarrival_ms,aggregated,ALL,234.0,1009.9954605102539,1016.9976353645325,1026.289255619049,1000.2424716949463,1037.9772186279297,1010.1925124469985,4.199544348669931,,,,,,,,,,,,,,,,,,,,,,,
raw,per_run,baseline,baseline_001,GOOSE_uplink_to_hmi_latency_ms,aggregated,ALL,118.0,0.008106231689453125,0.012433528900146483,0.030937194824218722,0.005245208740234375,0.057220458984375,0.00894877870204085,0.005454620800587099,,,,,,,,,,,,,,,,,,,,,,,
raw,per_run,baseline,baseline_001,GOOSE_delivery_ratio,aggregated,ALL,1.0,,,,,,1.0,,,,,,,,,,,,,,,,,,,,,,,,
raw,per_run,baseline,baseline_001,SV_rate_pkts_per_sec,aggregated,ALL,1.0,,,,,,39.6945251762881,,,,,,,,,,,,,,,,,,,,,,,,
raw,per_run,baseline,baseline_002,SV_interarrival_ms,publisher,00:30:a7:00:00:03,2377.0,50.15897750854492,50.340890884399414,54.35656547546375,50.07815361022949,171.3848114013672,50.432237798444454,3.688465151857567,,,,,,,,,,,,,,,,,,,,,,,
raw,per_run,baseline,baseline_002,SV_interarrival_ms,publisher,b4:b1:5a:00:00:02,2378.0,50.165414810180664,50.30339956283569,53.67786645889282,50.0795841217041,142.5466537475586,50.43057176222613,3.434425756316063,,,,,,,,,,,,,,,,,,,,,,,
raw,per_run,baseline,baseline_002,SV_interarrival_ms,aggregated,ALL,4755.0,50.16207695007324,50.31695365905762,54.09788608551026,50.07815361022949,171.3848114013672,50.43140460514746,3.56368322766156,,,,,,,,,,,,,,,,,,,,,,,
raw,per_run,baseline,baseline_002,GOOSE_interarrival_ms,publisher,00:30:a7:00:00:04,118.0,1010.0167989730835,1017.8908109664917,1021.5200638771057,1005.6836605072021,1100.0638008117676,1011.2641322410713,8.959868643567113,,,,,,,,,,,,,,,,,,,,,,,
raw,per_run,baseline,baseline_002,GOOSE_interarrival_ms,publisher,b4:b1:5a:0a:b4:01,118.0,1009.980320930481,1016.1166310310364,1027.5885033607483,1005.0063133239746,1119.0333366394043,1011.1781500153622,10.657027446128959,,,,,,,,,,,,,,,,,,,,,,,
raw,per_run,baseline,baseline_002,GOOSE_interarrival_ms,aggregated,ALL,236.0,1010.0069046020508,1017.7833437919617,1026.8126368522644,1005.0063133239746,1119.0333366394043,1011.2211411282168,9.845180967587442,,,,,,,,,,,,,,,,,,,,,,,
raw,per_run,baseline,baseline_002,GOOSE_uplink_to_hmi_latency_ms,aggregated,ALL,119.0,0.0095367431640625,0.014448165893554679,0.02976417541503904,0.004291534423828125,0.04601478576660156,0.009783175813049829,0.004922935566561422,,,,,,,,,,,,,,,,,,,,,,,
raw,per_run,baseline,baseline_002,GOOSE_delivery_ratio,aggregated,ALL,1.0,,,,,,1.0,,,,,,,,,,,,,,,,,,,,,,,,
raw,per_run,baseline,baseline_002,SV_rate_pkts_per_sec,aggregated,ALL,1.0,,,,,,39.666822158557466,,,,,,,,,,,,,,,,,,,,,,,,
raw,per_run,baseline,baseline_003,SV_interarrival_ms,publisher,00:30:a7:00:00:03,2378.0,50.15838146209717,50.37362575531006,55.140140056610115,50.067901611328125,112.02454566955566,50.4147147209931,2.534242951677803,,,,,,,,,,,,,,,,,,,,,,,
raw,per_run,baseline,baseline_003,SV_interarrival_ms,publisher,b4:b1:5a:00:00:02,2379.0,50.16207695007324,50.3962516784668,56.31092071533185,50.061702728271484,93.95170211791992,50.37855610921635,1.9680264288985307,,,,,,,,,,,,,,,,,,,,,,,
raw,per_run,baseline,baseline_003,SV_interarrival_ms,aggregated,ALL,4757.0,50.16016960144043,50.383710861206055,55.828771591186324,50.061702728271484,112.02454566955566,50.396631614535906,2.2688800308871047,,,,,,,,,,,,,,,,,,,,,,,
raw,per_run,baseline,baseline_003,GOOSE_interarrival_ms,publisher,00:30:a7:00:00:04,118.0,1010.0066661834717,1017.0761704444885,1019.0610694885254,1005.002498626709,1023.0090618133545,1010.1695323394516,3.5164646167121028,,,,,,,,,,,,,,,,,,,,,,,
raw,per_run,baseline,baseline_003,GOOSE_interarrival_ms,publisher,b4:b1:5a:0a:b4:01,118.0,1009.8590850830078,1016.0707354545593,1030.7088565826416,1004.9612522125244,1044.8813438415527,1009.8034446522341,4.911676366433184,,,,,,,,,,,,,,,,,,,,,,,
raw,per_run,baseline,baseline_003,GOOSE_interarrival_ms,aggregated,ALL,236.0,1009.92751121521,1016.4641737937927,1021.7896580696106,1004.9612522125244,1044.8813438415527,1009.9864884958429,4.275341987872586,,,,,,,,,,,,,,,,,,,,,,,
raw,per_run,baseline,baseline_003,GOOSE_uplink_to_hmi_latency_ms,aggregated,ALL,119.0,0.007867813110351562,0.013518333435058585,0.019817352294921847,0.0045299530029296875,0.07295608520507812,0.008903631643086923,0.006453971354385685,,,,,,,,,,,,,,,,,,,,,,,
raw,per_run,baseline,baseline_003,GOOSE_delivery_ratio,aggregated,ALL,1.0,,,,,,1.0,,,,,,,,,,,,,,,,,,,,,,,,
raw,per_run,baseline,baseline_003,SV_rate_pkts_per_sec,aggregated,ALL,1.0,,,,,,39.694840428332,,,,,,,,,,,,,,,,,,,,,,,,
raw,per_run,baseline,baseline_004,SV_interarrival_ms,publisher,00:30:a7:00:00:03,2381.0,50.17495155334473,50.359249114990234,52.690124511718665,50.0798225402832,69.72408294677734,50.300412496465036,1.054938234877111,,,,,,,,,,,,,,,,,,,,,,,
raw,per_run,baseline,baseline_004,SV_interarrival_ms,publisher,b4:b1:5a:00:00:02,2380.0,50.17518997192383,50.39132833480835,54.25366401672363,50.049781799316406,79.06842231750488,50.33285687951481,1.2538815949578341,,,,,,,,,,,,,,,,,,,,,,,
raw,per_run,baseline,baseline_004,SV_interarrival_ms,aggregated,ALL,4761.0,50.17518997192383,50.3849983215332,53.974914550781186,50.049781799316406,79.06842231750488,50.316631280682316,1.1587803018913745,,,,,,,,,,,,,,,,,,,,,,,
raw,per_run,baseline,baseline_004,GOOSE_interarrival_ms,publisher,00:30:a7:00:00:04,118.0,1010.050892829895,1019.3650841712952,1024.577968120575,1004.9154758453369,1026.1435508728027,1011.6613759832867,4.179372671718061,,,,,,,,,,,,,,,,,,,,,,,
raw,per_run,baseline,baseline_004,GOOSE_interarrival_ms,publisher,b4:b1:5a:0a:b4:01,117.0,1010.1065635681152,1020.9630966186523,1029.2019081115723,1004.9993991851807,1039.205551147461,1011.9660858415131,5.087260169743817,,,,,,,,,,,,,,,,,,,,,,,
raw,per_run,baseline,baseline_004,GOOSE_interarrival_ms,aggregated,ALL,235.0,1010.0808143615723,1020.3891754150391,1027.9569244384766,1004.9154758453369,1039.205551147461,1011.8130825935526,4.656071032330415,,,,,,,,,,,,,,,,,,,,,,,
raw,per_run,baseline,baseline_004,GOOSE_uplink_to_hmi_latency_ms,aggregated,ALL,118.0,0.0095367431640625,0.01442432403564451,0.01918554306030273,0.0050067901611328125,0.030279159545898438,0.009664034439345538,0.003314060723765207,,,,,,,,,,,,,,,,,,,,,,,
raw,per_run,baseline,baseline_004,GOOSE_delivery_ratio,aggregated,ALL,1.0,,,,,,0.9957983193277311,,,,,,,,,,,,,,,,,,,,,,,,
raw,per_run,baseline,baseline_004,SV_rate_pkts_per_sec,aggregated,ALL,1.0,,,,,,39.75963524787133,,,,,,,,,,,,,,,,,,,,,,,,
raw,per_run,baseline,baseline_005,SV_interarrival_ms,publisher,00:30:a7:00:00:03,2377.0,50.16136169433594,50.316476821899414,53.879823684692354,50.07600784301758,129.52136993408203,50.42328571741652,3.447567056035411,,,,,,,,,,,,,,,,,,,,,,,
raw,per_run,baseline,baseline_005,SV_interarrival_ms,publisher,b4:b1:5a:00:00:02,2379.0,50.15873908996582,50.306081771850586,51.75843715667722,50.08292198181152,135.5917453765869,50.37724666106395,3.1984689891595237,,,,,,,,,,,,,,,,,,,,,,,
raw,per_run,baseline,baseline_005,SV_interarrival_ms,aggregated,ALL,4756.0,50.15993118286133,50.31043291091919,52.62757539749136,50.07600784301758,135.5917453765869,50.400256509034946,3.32537863244125,,,,,,,,,,,,,,,,,,,,,,,
raw,per_run,baseline,baseline_005,GOOSE_interarrival_ms,publisher,00:30:a7:00:00:04,118.0,1010.0326538085938,1016.7885780334473,1025.5132937431335,1004.889726638794,1032.179594039917,1010.7965186490851,3.9694990007281015,,,,,,,,,,,,,,,,,,,,,,,
raw,per_run,baseline,baseline_005,GOOSE_interarrival_ms,publisher,b4:b1:5a:0a:b4:01,118.0,1009.9862813949585,1017.9974555969238,1025.402774810791,1005.7895183563232,1044.7378158569336,1010.5341551667553,4.851101950911747,,,,,,,,,,,,,,,,,,,,,,,
raw,per_run,baseline,baseline_005,GOOSE_interarrival_ms,aggregated,ALL,236.0,1009.9992752075195,1017.9188847541809,1026.0440230369568,1004.889726638794,1044.7378158569336,1010.6653369079202,4.434215249249368,,,,,,,,,,,,,,,,,,,,,,,
raw,per_run,baseline,baseline_005,GOOSE_uplink_to_hmi_latency_ms,aggregated,ALL,119.0,0.008821487426757812,0.013422966003417965,0.019378662109374993,0.00476837158203125,0.028848648071289062,0.009122015047474067,0.0030931104484093405,,,,,,,,,,,,,,,,,,,,,,,
raw,per_run,baseline,baseline_005,GOOSE_delivery_ratio,aggregated,ALL,1.0,,,,,,1.0,,,,,,,,,,,,,,,,,,,,,,,,
raw,per_run,baseline,baseline_005,SV_rate_pkts_per_sec,aggregated,ALL,1.0,,,,,,39.696566341326,,,,,,,,,,,,,,,,,,,,,,,,
raw,per_run,baseline,baseline_006,SV_interarrival_ms,publisher,00:30:a7:00:00:03,2373.0,50.157785415649414,50.42276382446289,62.72507667541505,50.07362365722656,112.86354064941406,50.515735295067046,3.0430116641782754,,,,,,,,,,,,,,,,,,,,,,,
raw,per_run,baseline,baseline_006,SV_interarrival_ms,publisher,b4:b1:5a:00:00:02,2374.0,50.14598369598389,50.40702819824219,59.52143669128418,50.06265640258789,124.92632865905762,50.49496733449343,3.068883080740416,,,,,,,,,,,,,,,,,,,,,,,
raw,per_run,baseline,baseline_006,SV_interarrival_ms,aggregated,ALL,4747.0,50.15063285827637,50.412702560424805,61.437025070190415,50.06265640258789,124.92632865905762,50.505349127297556,3.055995117456261,,,,,,,,,,,,,,,,,,,,,,,
raw,per_run,baseline,baseline_006,GOOSE_interarrival_ms,publisher,00:30:a7:00:00:04,117.0,1010.0052356719971,1017.3044204711914,1020.0260066986084,1004.9185752868652,1020.082950592041,1010.4521482418745,3.569286212757275,,,,,,,,,,,,,,,,,,,,,,,
raw,per_run,baseline,baseline_006,GOOSE_interarrival_ms,publisher,b4:b1:5a:0a:b4:01,117.0,1010.0133419036865,1018.5225963592529,1032.8602504730225,1005.3637027740479,1037.604808807373,1010.7173247215076,4.857916457348705,,,,,,,,,,,,,,,,,,,,,,,
raw,per_run,baseline,baseline_006,GOOSE_interarrival_ms,aggregated,ALL,234.0,1010.0116729736328,1018.0704712867737,1022.9693579673767,1004.9185752868652,1037.604808807373,1010.584736481691,4.264640410271061,,,,,,,,,,,,,,,,,,,,,,,
raw,per_run,baseline,baseline_006,GOOSE_uplink_to_hmi_latency_ms,aggregated,ALL,118.0,0.0069141387939453125,0.011861324310302724,0.016050338745117188,0.004291534423828125,0.0171661376953125,0.00754049268819518,0.002175818563709085,,,,,,,,,,,,,,,,,,,,,,,
raw,per_run,baseline,baseline_006,GOOSE_delivery_ratio,aggregated,ALL,1.0,,,,,,1.0,,,,,,,,,,,,,,,,,,,,,,,,
raw,per_run,baseline,baseline_006,SV_rate_pkts_per_sec,aggregated,ALL,1.0,,,,,,39.61576236382331,,,,,,,,,,,,,,,,,,,,,,,,
raw,per_run,baseline,baseline_007,SV_interarrival_ms,publisher,00:30:a7:00:00:03,2367.0,50.16064643859863,50.56171417236328,64.25445079803468,50.07576942443848,131.4220428466797,50.63894120358595,3.461291724806735,,,,,,,,,,,,,,,,,,,,,,,
raw,per_run,baseline,baseline_007,SV_interarrival_ms,publisher,b4:b1:5a:00:00:02,2368.0,50.16350746154785,50.50218105316162,64.60649490356445,50.07314682006836,117.3391342163086,50.599793828017006,3.159010449593569,,,,,,,,,,,,,,,,,,,,,,,
raw,per_run,baseline,baseline_007,SV_interarrival_ms,aggregated,ALL,4735.0,50.16207695007324,50.53372383117676,64.49205875396724,50.07314682006836,131.4220428466797,50.6193633819709,3.3136257366223147,,,,,,,,,,,,,,,,,,,,,,,
raw,per_run,baseline,baseline_007,GOOSE_interarrival_ms,publisher,00:30:a7:00:00:04,118.0,1009.9096298217773,1017.4554109573364,1028.2998371124268,1005.5942535400391,1061.1529350280762,1010.1608785532288,6.064396912680278,,,,,,,,,,,,,,,,,,,,,,,
raw,per_run,baseline,baseline_007,GOOSE_interarrival_ms,publisher,b4:b1:5a:0a:b4:01,118.0,1009.9595785140991,1018.2766795158386,1035.9007096290588,1005.7816505432129,1046.3621616363525,1010.7025211140261,5.599753500243926,,,,,,,,,,,,,,,,,,,,,,,
raw,per_run,baseline,baseline_007,GOOSE_interarrival_ms,aggregated,ALL,236.0,1009.9401473999023,1018.1424617767334,1034.6903681755066,1005.5942535400391,1061.1529350280762,1010.4316998336275,5.842980297324888,,,,,,,,,,,,,,,,,,,,,,,
raw,per_run,baseline,baseline_007,GOOSE_uplink_to_hmi_latency_ms,aggregated,ALL,119.0,0.007152557373046875,0.012445449829101559,0.01684188842773437,0.0054836273193359375,0.023126602172851562,0.007939939739323464,0.0025138069123132696,,,,,,,,,,,,,,,,,,,,,,,
raw,per_run,baseline,baseline_007,GOOSE_delivery_ratio,aggregated,ALL,1.0,,,,,,1.0,,,,,,,,,,,,,,,,,,,,,,,,
raw,per_run,baseline,baseline_007,SV_rate_pkts_per_sec,aggregated,ALL,1.0,,,,,,39.52032525872051,,,,,,,,,,,,,,,,,,,,,,,,
raw,per_run,baseline,baseline_008,SV_interarrival_ms,publisher,00:30:a7:00:00:03,2377.0,50.14801025390625,50.34356117248535,57.12933540344235,50.057411193847656,127.2423267364502,50.40141068740607,2.4763971554547672,,,,,,,,,,,,,,,,,,,,,,,
raw,per_run,baseline,baseline_008,SV_interarrival_ms,publisher,b4:b1:5a:00:00:02,2375.0,50.15087127685547,50.34785270690918,55.090055465697944,50.05645751953125,113.42501640319824,50.42388253462942,2.7314311600693952,,,,,,,,,,,,,,,,,,,,,,,
raw,per_run,baseline,baseline_008,SV_interarrival_ms,aggregated,ALL,4752.0,50.14967918395996,50.34695863723755,56.511752605438154,50.05645751953125,127.2423267364502,50.412641882093666,2.607005231118215,,,,,,,,,,,,,,,,,,,,,,,
raw,per_run,baseline,baseline_008,GOOSE_interarrival_ms,publisher,00:30:a7:00:00:04,117.0,1010.0200176239014,1016.06125831604,1017.7262878417969,1005.8271884918213,1031.0347080230713,1010.4457109402388,3.510371678228204,,,,,,,,,,,,,,,,,,,,,,,
raw,per_run,baseline,baseline_008,GOOSE_interarrival_ms,publisher,b4:b1:5a:0a:b4:01,117.0,1010.002613067627,1016.4380550384521,1018.038330078125,1004.9502849578857,1019.9527740478516,1010.1011043939835,3.1941876811309116,,,,,,,,,,,,,,,,,,,,,,,
raw,per_run,baseline,baseline_008,GOOSE_interarrival_ms,aggregated,ALL,234.0,1010.0198984146118,1016.1736011505127,1018.0267381668091,1004.9502849578857,1031.0347080230713,1010.2734076671111,3.360425649933067,,,,,,,,,,,,,,,,,,,,,,,
raw,per_run,baseline,baseline_008,GOOSE_uplink_to_hmi_latency_ms,aggregated,ALL,118.0,0.007152557373046875,0.01028776168823242,0.021307468414306623,0.003337860107421875,0.030279159545898438,0.007795075238761255,0.0029101882844900975,,,,,,,,,,,,,,,,,,,,,,,
raw,per_run,baseline,baseline_008,GOOSE_delivery_ratio,aggregated,ALL,1.0,,,,,,1.0,,,,,,,,,,,,,,,,,,,,,,,,
raw,per_run,baseline,baseline_008,SV_rate_pkts_per_sec,aggregated,ALL,1.0,,,,,,39.68142900610806,,,,,,,,,,,,,,,,,,,,,,,,
raw,per_run,baseline,baseline_009,SV_interarrival_ms,publisher,00:30:a7:00:00:03,2379.0,50.151824951171875,50.33903121948242,54.883956909179574,50.06241798400879,90.55948257446289,50.35031087361448,1.8739390661947495,,,,,,,,,,,,,,,,,,,,,,,
raw,per_run,baseline,baseline_009,SV_interarrival_ms,publisher,b4:b1:5a:00:00:02,2376.0,50.16160011291504,50.348520278930664,55.09525537490845,50.07791519165039,100.27599334716797,50.39146131136602,2.3801356840090104,,,,,,,,,,,,,,,,,,,,,,,
raw,per_run,baseline,baseline_009,SV_interarrival_ms,aggregated,ALL,4755.0,50.156354904174805,50.345754623413086,55.14377117156983,50.06241798400879,100.27599334716797,50.37087311127961,2.141982909145969,,,,,,,,,,,,,,,,,,,,,,,
raw,per_run,baseline,baseline_009,GOOSE_interarrival_ms,publisher,00:30:a7:00:00:04,118.0,1010.003924369812,1016.8631553649902,1022.2945022583008,1005.8743953704834,1045.090675354004,1010.4061829841743,4.506381756574492,,,,,,,,,,,,,,,,,,,,,,,
raw,per_run,baseline,baseline_009,GOOSE_interarrival_ms,publisher,b4:b1:5a:0a:b4:01,118.0,1010.0184679031372,1017.1417832374573,1021.8312478065491,1005.399227142334,1026.0827541351318,1010.542827137446,3.74468725887478,,,,,,,,,,,,,,,,,,,,,,,
raw,per_run,baseline,baseline_009,GOOSE_interarrival_ms,aggregated,ALL,236.0,1010.0157260894775,1017.0416831970215,1022.6853966712952,1005.399227142334,1045.090675354004,1010.4745050608102,4.143639403657019,,,,,,,,,,,,,,,,,,,,,,,
raw,per_run,baseline,baseline_009,GOOSE_uplink_to_hmi_latency_ms,aggregated,ALL,119.0,0.008106231689453125,0.01649856567382812,0.03098964691162103,0.00476837158203125,0.19860267639160156,0.010708800884855896,0.01767907109068549,,,,,,,,,,,,,,,,,,,,,,,
raw,per_run,baseline,baseline_009,GOOSE_delivery_ratio,aggregated,ALL,1.0,,,,,,1.0,,,,,,,,,,,,,,,,,,,,,,,,
raw,per_run,baseline,baseline_009,SV_rate_pkts_per_sec,aggregated,ALL,1.0,,,,,,39.713352720632706,,,,,,,,,,,,,,,,,,,,,,,,
raw,per_run,baseline,baseline_010,SV_interarrival_ms,publisher,00:30:a7:00:00:03,2377.0,50.16183853149414,50.39200782775879,56.431732177734325,50.073862075805664,119.54236030578613,50.401564852048935,2.5186009232498385,,,,,,,,,,,,,,,,,,,,,,,
raw,per_run,baseline,baseline_010,SV_interarrival_ms,publisher,b4:b1:5a:00:00:02,2381.0,50.1704216003418,50.32825469970703,51.8579006195068,50.08530616760254,120.31197547912598,50.32915009615152,2.1370172024515854,,,,,,,,,,,,,,,,,,,,,,,
raw,per_run,baseline,baseline_010,SV_interarrival_ms,aggregated,ALL,4758.0,50.16613006591797,50.35632848739624,53.410129547119254,50.073862075805664,120.31197547912598,50.36532703494264,2.335735600329755,,,,,,,,,,,,,,,,,,,,,,,
raw,per_run,baseline,baseline_010,GOOSE_interarrival_ms,publisher,00:30:a7:00:00:04,118.0,1010.015606880188,1017.0758485794067,1018.8787317276001,1000.4281997680664,1019.7775363922119,1010.3559999142662,3.2299108868112913,,,,,,,,,,,,,,,,,,,,,,,
raw,per_run,baseline,baseline_010,GOOSE_interarrival_ms,publisher,b4:b1:5a:0a:b4:01,118.0,1010.019063949585,1016.987156867981,1019.8599934577942,1004.3540000915527,1020.1053619384766,1010.2965468067234,3.3504610379290476,,,,,,,,,,,,,,,,,,,,,,,
raw,per_run,baseline,baseline_010,GOOSE_interarrival_ms,aggregated,ALL,236.0,1010.0181102752686,1017.0137286186218,1019.5297002792358,1000.4281997680664,1020.1053619384766,1010.3262733604948,3.290872288574942,,,,,,,,,,,,,,,,,,,,,,,
raw,per_run,baseline,baseline_010,GOOSE_uplink_to_hmi_latency_ms,aggregated,ALL,119.0,0.008821487426757812,0.013232231140136712,0.027399063110351472,0.003814697265625,0.05316734313964844,0.009516707989348084,0.005026888020239775,,,,,,,,,,,,,,,,,,,,,,,
raw,per_run,baseline,baseline_010,GOOSE_delivery_ratio,aggregated,ALL,1.0,,,,,,1.0,,,,,,,,,,,,,,,,,,,,,,,,
raw,per_run,baseline,baseline_010,SV_rate_pkts_per_sec,aggregated,ALL,1.0,,,,,,39.721712228010226,,,,,,,,,,,,,,,,,,,,,,,,
raw,per_run,defense,defense_001,SV_interarrival_ms,publisher,00:30:a7:00:00:03,2376.0,50.14538764953613,50.30977725982666,57.491958141326904,50.050973892211914,165.58408737182617,50.42636725637648,3.505322197905814,,,,,,,,,,,,,,,,,,,,,,,
raw,per_run,defense,defense_001,SV_interarrival_ms,publisher,b4:b1:5a:00:00:02,2376.0,50.13680458068848,50.320565700531006,55.47851324081421,50.05502700805664,147.2156047821045,50.41919804181314,3.3699170861141208,,,,,,,,,,,,,,,,,,,,,,,
raw,per_run,defense,defense_001,SV_interarrival_ms,aggregated,ALL,4752.0,50.1408576965332,50.31538009643555,56.468915939331005,50.050973892211914,165.58408737182617,50.422782649094806,3.4382881334491047,,,,,,,,,,,,,,,,,,,,,,,
raw,per_run,defense,defense_001,GOOSE_interarrival_ms,publisher,00:30:a7:00:00:04,117.0,1009.9050998687744,1016.726541519165,1020.3408241271973,1004.9524307250977,1032.503604888916,1009.9935409350273,3.953389511002237,,,,,,,,,,,,,,,,,,,,,,,
raw,per_run,defense,defense_001,GOOSE_interarrival_ms,publisher,b4:b1:5a:0a:b4:01,117.0,1010.0409984588623,1019.104528427124,1046.4353561401367,1004.9285888671875,1099.9855995178223,1011.8647110767854,9.693306167055901,,,,,,,,,,,,,,,,,,,,,,,
raw,per_run,defense,defense_001,GOOSE_interarrival_ms,aggregated,ALL,234.0,1009.9928379058838,1017.0787811279297,1029.5057320594788,1004.9285888671875,1099.9855995178223,1010.9291260059064,7.461236892221352,,,,,,,,,,,,,,,,,,,,,,,
raw,per_run,defense,defense_001,GOOSE_uplink_to_hmi_latency_ms,aggregated,ALL,118.0,0.0030994415283203125,0.0045299530029296875,0.007340908050537104,0.0021457672119140625,0.009298324584960938,0.0032065278392727093,0.0009534709608679783,,,,,,,,,,,,,,,,,,,,,,,
raw,per_run,defense,defense_001,GOOSE_delivery_ratio,aggregated,ALL,1.0,,,,,,1.0,,,,,,,,,,,,,,,,,,,,,,,,
raw,per_run,defense,defense_001,SV_rate_pkts_per_sec,aggregated,ALL,1.0,,,,,,39.678482899018306,,,,,,,,,,,,,,,,,,,,,,,,
raw,per_run,defense,defense_002,SV_interarrival_ms,publisher,00:30:a7:00:00:03,2377.0,50.145626068115234,50.39210319519043,55.49635887145974,50.05455017089844,131.072998046875,50.41343302199156,2.7517788432575796,,,,,,,,,,,,,,,,,,,,,,,
raw,per_run,defense,defense_002,SV_interarrival_ms,publisher,b4:b1:5a:00:00:02,2379.0,50.14443397521973,50.3209114074707,55.30102729797347,50.04572868347168,123.11959266662598,50.38363776221001,2.7771225574222442,,,,,,,,,,,,,,,,,,,,,,,
raw,per_run,defense,defense_002,SV_interarrival_ms,aggregated,ALL,4756.0,50.14491081237793,50.35072565078735,55.56502342224108,50.04572868347168,131.072998046875,50.39852912732791,2.764525212807884,,,,,,,,,,,,,,,,,,,,,,,
raw,per_run,defense,defense_002,GOOSE_interarrival_ms,publisher,00:30:a7:00:00:04,117.0,1009.8996162414551,1017.3789978027344,1023.5944080352783,1005.1090717315674,1036.6568565368652,1010.1381244822445,4.326770340050337,,,,,,,,,,,,,,,,,,,,,,,
raw,per_run,defense,defense_002,GOOSE_interarrival_ms,publisher,b4:b1:5a:0a:b4:01,117.0,1009.9976062774658,1016.0700798034668,1017.1041870117188,1004.9731731414795,1021.0669040679932,1009.8384527059702,3.011099062622296,,,,,,,,,,,,,,,,,,,,,,,
raw,per_run,defense,defense_002,GOOSE_interarrival_ms,aggregated,ALL,234.0,1009.9636316299438,1016.7728900909424,1021.0940599441528,1004.9731731414795,1036.6568565368652,1009.9882885941073,3.7304531043300813,,,,,,,,,,,,,,,,,,,,,,,
raw,per_run,defense,defense_002,GOOSE_uplink_to_hmi_latency_ms,aggregated,ALL,118.0,0.00286102294921875,0.0040531158447265625,0.00888347625732421,0.0019073486328125,0.010251998901367188,0.002978211742336467,0.001068382268550217,,,,,,,,,,,,,,,,,,,,,,,
raw,per_run,defense,defense_002,GOOSE_delivery_ratio,aggregated,ALL,1.0,,,,,,1.0,,,,,,,,,,,,,,,,,,,,,,,,
raw,per_run,defense,defense_002,SV_rate_pkts_per_sec,aggregated,ALL,1.0,,,,,,39.695042342329955,,,,,,,,,,,,,,,,,,,,,,,,
raw,per_run,defense,defense_003,SV_interarrival_ms,publisher,00:30:a7:00:00:03,2381.0,50.13918876647949,50.29416084289551,53.500795364379805,50.05049705505371,163.9571189880371,50.35643805880749,3.054665311076943,,,,,,,,,,,,,,,,,,,,,,,
raw,per_run,defense,defense_003,SV_interarrival_ms,publisher,b4:b1:5a:00:00:02,2378.0,50.15087127685547,50.33254623413086,53.680698871612556,50.05955696105957,132.89761543273926,50.427591630247484,3.1955734765881534,,,,,,,,,,,,,,,,,,,,,,,
raw,per_run,defense,defense_003,SV_interarrival_ms,aggregated,ALL,4759.0,50.14538764953613,50.31545162200928,53.71966361999513,50.05049705505371,163.9571189880371,50.391992417471975,3.1260715151421414,,,,,,,,,,,,,,,,,,,,,,,
raw,per_run,defense,defense_003,GOOSE_interarrival_ms,publisher,00:30:a7:00:00:04,118.0,1009.9952220916748,1018.1121230125427,1025.5287599563599,1004.8239231109619,1036.149501800537,1010.5928930185609,4.485815048082732,,,,,,,,,,,,,,,,,,,,,,,
raw,per_run,defense,defense_003,GOOSE_interarrival_ms,publisher,b4:b1:5a:0a:b4:01,118.0,1009.9599361419678,1018.1527495384216,1025.6864261627197,1004.9798488616943,1036.4248752593994,1010.1095195543968,4.291206704208072,,,,,,,,,,,,,,,,,,,,,,,
raw,per_run,defense,defense_003,GOOSE_interarrival_ms,aggregated,ALL,236.0,1009.9714994430542,1018.2104706764221,1026.0338187217712,1004.8239231109619,1036.4248752593994,1010.3512062864788,4.396237969945144,,,,,,,,,,,,,,,,,,,,,,,
raw,per_run,defense,defense_003,GOOSE_uplink_to_hmi_latency_ms,aggregated,ALL,119.0,0.003337860107421875,0.0045299530029296875,0.008678436279296842,0.0021457672119140625,0.03933906555175781,0.003668440490209756,0.003395199036899617,,,,,,,,,,,,,,,,,,,,,,,
raw,per_run,defense,defense_003,GOOSE_delivery_ratio,aggregated,ALL,1.0,,,,,,1.0,,,,,,,,,,,,,,,,,,,,,,,,
raw,per_run,defense,defense_003,SV_rate_pkts_per_sec,aggregated,ALL,1.0,,,,,,39.70252281554663,,,,,,,,,,,,,,,,,,,,,,,,
raw,per_run,defense,defense_004,SV_interarrival_ms,publisher,00:30:a7:00:00:03,2376.0,50.14443397521973,50.30655860900879,52.85888910293579,50.07433891296387,174.34287071228027,50.4506285543795,4.16583803541761,,,,,,,,,,,,,,,,,,,,,,,
raw,per_run,defense,defense_004,SV_interarrival_ms,publisher,b4:b1:5a:00:00:02,2375.0,50.1408576965332,50.399065017700195,57.250642776489244,50.04572868347168,170.41683197021484,50.480811771593594,3.992164884118313,,,,,,,,,,,,,,,,,,,,,,,
raw,per_run,defense,defense_004,SV_interarrival_ms,aggregated,ALL,4751.0,50.142765045166016,50.34148693084717,56.05518817901611,50.04572868347168,174.34287071228027,50.465716986474526,4.0799718582970215,,,,,,,,,,,,,,,,,,,,,,,
raw,per_run,defense,defense_004,GOOSE_interarrival_ms,publisher,00:30:a7:00:00:04,118.0,1009.9829435348511,1018.9708352088928,1037.1207690238953,1004.9691200256348,1043.565273284912,1010.6440580497353,5.618178430729473,,,,,,,,,,,,,,,,,,,,,,,
raw,per_run,defense,defense_004,GOOSE_interarrival_ms,publisher,b4:b1:5a:0a:b4:01,118.0,1010.0225210189819,1017.0776128768921,1019.8513340950012,1005.558967590332,1022.4666595458984,1010.6862904661792,3.6291602332523216,,,,,,,,,,,,,,,,,,,,,,,
raw,per_run,defense,defense_004,GOOSE_interarrival_ms,aggregated,ALL,236.0,1009.9872350692749,1017.3190832138062,1028.158986568451,1004.9691200256348,1043.565273284912,1010.6651742579573,4.729462161104224,,,,,,,,,,,,,,,,,,,,,,,
raw,per_run,defense,defense_004,GOOSE_uplink_to_hmi_latency_ms,aggregated,ALL,119.0,0.0030994415283203125,0.00476837158203125,0.0058317184448242135,0.0021457672119140625,0.0095367431640625,0.0033619023170791754,0.0009513649497525922,,,,,,,,,,,,,,,,,,,,,,,
raw,per_run,defense,defense_004,GOOSE_delivery_ratio,aggregated,ALL,1.0,,,,,,1.0,,,,,,,,,,,,,,,,,,,,,,,,
raw,per_run,defense,defense_004,SV_rate_pkts_per_sec,aggregated,ALL,1.0,,,,,,39.63965480215452,,,,,,,,,,,,,,,,,,,,,,,,
raw,per_run,defense,defense_005,SV_interarrival_ms,publisher,00:30:a7:00:00:03,2369.0,50.14824867248535,50.39782524108887,62.2183990478516,50.05335807800293,133.91852378845215,50.5947296807614,4.14932015780058,,,,,,,,,,,,,,,,,,,,,,,
raw,per_run,defense,defense_005,SV_interarrival_ms,publisher,b4:b1:5a:00:00:02,2368.0,50.14336109161377,50.417327880859375,64.11659240722655,50.04739761352539,127.20203399658203,50.60196335654001,4.115243215202456,,,,,,,,,,,,,,,,,,,,,,,
raw,per_run,defense,defense_005,SV_interarrival_ms,aggregated,ALL,4737.0,50.145626068115234,50.406551361083984,63.29717636108401,50.04739761352539,133.91852378845215,50.59834575512149,4.132321993062376,,,,,,,,,,,,,,,,,,,,,,,
raw,per_run,defense,defense_005,GOOSE_interarrival_ms,publisher,00:30:a7:00:00:04,117.0,1009.9997520446777,1023.0689048767089,1049.0384101867676,1005.0151348114014,1076.7414569854736,1012.3250504844209,9.148280250094436,,,,,,,,,,,,,,,,,,,,,,,
raw,per_run,defense,defense_005,GOOSE_interarrival_ms,publisher,b4:b1:5a:0a:b4:01,118.0,1010.008692741394,1020.0386881828308,1028.6574506759644,1000.8995532989502,1031.031608581543,1010.7959589715731,4.777503799409803,,,,,,,,,,,,,,,,,,,,,,,
raw,per_run,defense,defense_005,GOOSE_interarrival_ms,aggregated,ALL,235.0,1010.0018978118896,1020.8055734634399,1042.8489255905151,1000.8995532989502,1076.7414569854736,1011.5572513417994,7.3289019303659035,,,,,,,,,,,,,,,,,,,,,,,
raw,per_run,defense,defense_005,GOOSE_uplink_to_hmi_latency_ms,aggregated,ALL,119.0,0.00286102294921875,0.004291534423828125,0.005202293395996092,0.0019073486328125,0.0054836273193359375,0.00306137469636292,0.0006273665544144875,,,,,,,,,,,,,,,,,,,,,,,
raw,per_run,defense,defense_005,GOOSE_delivery_ratio,aggregated,ALL,1.0,,,,,,1.0,,,,,,,,,,,,,,,,,,,,,,,,
raw,per_run,defense,defense_005,SV_rate_pkts_per_sec,aggregated,ALL,1.0,,,,,,39.53763903783113,,,,,,,,,,,,,,,,,,,,,,,,
raw,per_run,defense,defense_006,SV_interarrival_ms,publisher,00:30:a7:00:00:03,2375.0,50.137996673583984,50.3291130065918,58.64092350006098,50.05025863647461,123.2290267944336,50.484377007735404,3.4613004271700536,,,,,,,,,,,,,,,,,,,,,,,
raw,per_run,defense,defense_006,SV_interarrival_ms,publisher,b4:b1:5a:00:00:02,2373.0,50.14801025390625,50.36416053771973,60.56320190429694,50.054073333740234,136.4729404449463,50.508014873467665,3.43212537328151,,,,,,,,,,,,,,,,,,,,,,,
raw,per_run,defense,defense_006,SV_interarrival_ms,aggregated,ALL,4748.0,50.142526626586914,50.345730781555176,59.95924711227416,50.05025863647461,136.4729404449463,50.49619096211254,3.446770177678597,,,,,,,,,,,,,,,,,,,,,,,
raw,per_run,defense,defense_006,GOOSE_interarrival_ms,publisher,00:30:a7:00:00:04,117.0,1009.958028793335,1016.9654846191406,1021.0835266113281,1004.9452781677246,1024.5182514190674,1009.8120758676122,3.590077565289152,,,,,,,,,,,,,,,,,,,,,,,
raw,per_run,defense,defense_006,GOOSE_interarrival_ms,publisher,b4:b1:5a:0a:b4:01,118.0,1009.5081329345703,1015.4057621955872,1021.1695551872253,1005.068302154541,1085.050106048584,1009.6091718996986,7.700705771730354,,,,,,,,,,,,,,,,,,,,,,,
raw,per_run,defense,defense_006,GOOSE_interarrival_ms,aggregated,ALL,235.0,1009.9077224731445,1016.9688701629639,1021.4131879806519,1004.9452781677246,1085.050106048584,1009.7101921730853,6.016959768908218,,,,,,,,,,,,,,,,,,,,,,,
raw,per_run,defense,defense_006,GOOSE_uplink_to_hmi_latency_ms,aggregated,ALL,119.0,0.0030994415283203125,0.0050067901611328125,0.017719268798828083,0.0019073486328125,0.048160552978515625,0.003860778167468159,0.004498077437924646,,,,,,,,,,,,,,,,,,,,,,,
raw,per_run,defense,defense_006,GOOSE_delivery_ratio,aggregated,ALL,1.0,,,,,,1.0,,,,,,,,,,,,,,,,,,,,,,,,
raw,per_run,defense,defense_006,SV_rate_pkts_per_sec,aggregated,ALL,1.0,,,,,,39.61621631368359,,,,,,,,,,,,,,,,,,,,,,,,
raw,per_run,defense,defense_007,SV_interarrival_ms,publisher,00:30:a7:00:00:03,2373.0,50.150394439697266,50.336313247680664,57.64105796813975,50.086259841918945,127.72893905639648,50.48683359810837,3.644994736332805,,,,,,,,,,,,,,,,,,,,,,,
raw,per_run,defense,defense_007,SV_interarrival_ms,publisher,b4:b1:5a:00:00:02,2370.0,50.150513648986816,50.402259826660156,58.22349786758419,50.05812644958496,141.3552761077881,50.54966950718361,4.155667056444983,,,,,,,,,,,,,,,,,,,,,,,
raw,per_run,defense,defense_007,SV_interarrival_ms,aggregated,ALL,4743.0,50.150394439697266,50.35996437072754,58.009982109069824,50.05812644958496,141.3552761077881,50.51823168044198,3.9086448947887473,,,,,,,,,,,,,,,,,,,,,,,
raw,per_run,defense,defense_007,GOOSE_interarrival_ms,publisher,00:30:a7:00:00:04,118.0,1009.9332332611084,1016.2325143814087,1021.7215251922607,1005.6169033050537,1026.3383388519287,1009.6101579019579,3.806733809861987,,,,,,,,,,,,,,,,,,,,,,,
raw,per_run,defense,defense_007,GOOSE_interarrival_ms,publisher,b4:b1:5a:0a:b4:01,118.0,1010.0064277648926,1017.0825004577637,1026.4080429077148,1004.9407482147217,1039.452075958252,1010.3202007584653,4.487173545034701,,,,,,,,,,,,,,,,,,,,,,,
raw,per_run,defense,defense_007,GOOSE_interarrival_ms,aggregated,ALL,236.0,1009.9655389785767,1017.0841217041016,1024.9068140983582,1004.9407482147217,1039.452075958252,1009.9651793302115,4.17600461873812,,,,,,,,,,,,,,,,,,,,,,,
raw,per_run,defense,defense_007,GOOSE_uplink_to_hmi_latency_ms,aggregated,ALL,119.0,0.003337860107421875,0.0047922134399414045,0.0062227249145507734,0.0019073486328125,0.008821487426757812,0.0034420430159368435,0.0009161925701192683,,,,,,,,,,,,,,,,,,,,,,,
raw,per_run,defense,defense_007,GOOSE_delivery_ratio,aggregated,ALL,1.0,,,,,,1.0,,,,,,,,,,,,,,,,,,,,,,,,
raw,per_run,defense,defense_007,SV_rate_pkts_per_sec,aggregated,ALL,1.0,,,,,,39.60301084704128,,,,,,,,,,,,,,,,,,,,,,,,
raw,per_run,defense,defense_008,SV_interarrival_ms,publisher,00:30:a7:00:00:03,2374.0,50.14443397521973,50.40918588638306,56.9554591178894,50.06217956542969,152.66656875610352,50.444990421606896,3.2163421166370925,,,,,,,,,,,,,,,,,,,,,,,
raw,per_run,defense,defense_008,SV_interarrival_ms,publisher,b4:b1:5a:00:00:02,2378.0,50.14979839324951,50.34923553466797,54.13217782974244,50.05598068237305,107.27334022521973,50.35630587873788,2.0206264839670003,,,,,,,,,,,,,,,,,,,,,,,
raw,per_run,defense,defense_008,SV_interarrival_ms,aggregated,ALL,4752.0,50.14753341674805,50.380897521972656,55.51451683044432,50.05598068237305,152.66656875610352,50.40061082502808,2.6857447281359526,,,,,,,,,,,,,,,,,,,,,,,
raw,per_run,defense,defense_008,GOOSE_interarrival_ms,publisher,00:30:a7:00:00:04,118.0,1009.975790977478,1017.0519590377808,1020.3088450431824,1005.5558681488037,1020.9887027740479,1010.0160332049354,3.3667601184503506,,,,,,,,,,,,,,,,,,,,,,,
raw,per_run,defense,defense_008,GOOSE_interarrival_ms,publisher,b4:b1:5a:0a:b4:01,118.0,1010.0152492523193,1019.851565361023,1027.3900985717773,1005.8236122131348,1044.5630550384521,1011.0752764394728,5.26642890465397,,,,,,,,,,,,,,,,,,,,,,,
raw,per_run,defense,defense_008,GOOSE_interarrival_ms,aggregated,ALL,236.0,1009.9952220916748,1018.0895328521729,1025.3486394882202,1005.5558681488037,1044.5630550384521,1010.545654822204,4.451479822369146,,,,,,,,,,,,,,,,,,,,,,,
raw,per_run,defense,defense_008,GOOSE_uplink_to_hmi_latency_ms,aggregated,ALL,119.0,0.0030994415283203125,0.0045299530029296875,0.0050067901611328125,0.0019073486328125,0.020265579223632812,0.00333184955500755,0.0017087995698342505,,,,,,,,,,,,,,,,,,,,,,,
raw,per_run,defense,defense_008,GOOSE_delivery_ratio,aggregated,ALL,1.0,,,,,,1.0,,,,,,,,,,,,,,,,,,,,,,,,
raw,per_run,defense,defense_008,SV_rate_pkts_per_sec,aggregated,ALL,1.0,,,,,,39.69724968154059,,,,,,,,,,,,,,,,,,,,,,,,
raw,per_run,defense,defense_009,SV_interarrival_ms,publisher,00:30:a7:00:00:03,2375.0,50.13704299926758,50.36170482635498,54.24108028411861,50.04477500915527,137.03322410583496,50.439723566958776,3.3904933659682563,,,,,,,,,,,,,,,,,,,,,,,
raw,per_run,defense,defense_009,SV_interarrival_ms,publisher,b4:b1:5a:00:00:02,2376.0,50.14514923095703,50.35293102264404,52.326321601867676,50.06051063537598,159.53779220581055,50.40729527521615,3.3716340989115774,,,,,,,,,,,,,,,,,,,,,,,
raw,per_run,defense,defense_009,SV_interarrival_ms,aggregated,ALL,4751.0,50.141096115112305,50.36020278930664,53.68936061859131,50.04477500915527,159.53779220581055,50.42350600830155,3.3811137747890743,,,,,,,,,,,,,,,,,,,,,,,
raw,per_run,defense,defense_009,GOOSE_interarrival_ms,publisher,00:30:a7:00:00:04,117.0,1010.0252628326416,1016.1245822906494,1019.0123081207275,1005.7103633880615,1022.9852199554443,1010.358792084914,3.2933998458882185,,,,,,,,,,,,,,,,,,,,,,,
raw,per_run,defense,defense_009,GOOSE_interarrival_ms,publisher,b4:b1:5a:0a:b4:01,118.0,1010.0339651107788,1015.9930467605591,1017.7064919471741,1004.9700736999512,1019.0539360046387,1009.8972522606284,3.176803541498939,,,,,,,,,,,,,,,,,,,,,,,
raw,per_run,defense,defense_009,GOOSE_interarrival_ms,aggregated,ALL,235.0,1010.0288391113281,1016.1043405532837,1018.6416530609131,1004.9700736999512,1022.9852199554443,1010.127040173145,3.243598359984639,,,,,,,,,,,,,,,,,,,,,,,
raw,per_run,defense,defense_009,GOOSE_uplink_to_hmi_latency_ms,aggregated,ALL,119.0,0.003337860107421875,0.0047922134399414045,0.008716583251953111,0.0021457672119140625,0.0095367431640625,0.0035983173787092963,0.0010297728986782657,,,,,,,,,,,,,,,,,,,,,,,
raw,per_run,defense,defense_009,GOOSE_delivery_ratio,aggregated,ALL,1.0,,,,,,1.0,,,,,,,,,,,,,,,,,,,,,,,,
raw,per_run,defense,defense_009,SV_rate_pkts_per_sec,aggregated,ALL,1.0,,,,,,39.6762742648535,,,,,,,,,,,,,,,,,,,,,,,,
raw,per_run,defense,defense_010,SV_interarrival_ms,publisher,00:30:a7:00:00:03,2366.0,50.141334533691406,50.505995750427246,61.68773174285883,50.07004737854004,155.65800666809082,50.68921891693734,5.35676631347779,,,,,,,,,,,,,,,,,,,,,,,
raw,per_run,defense,defense_010,SV_interarrival_ms,publisher,b4:b1:5a:00:00:02,2368.0,50.151944160461426,50.37773847579956,60.27515172958374,50.061941146850586,157.0277214050293,50.66932747895653,5.460552735511128,,,,,,,,,,,,,,,,,,,,,,,
raw,per_run,defense,defense_010,SV_interarrival_ms,aggregated,ALL,4734.0,50.14622211456299,50.437211990356445,60.57249546051027,50.061941146850586,157.0277214050293,50.67926899612227,5.408939529091298,,,,,,,,,,,,,,,,,,,,,,,
raw,per_run,defense,defense_010,GOOSE_interarrival_ms,publisher,00:30:a7:00:00:04,117.0,1009.9895000457764,1017.2286510467529,1019.9448680877686,1001.9412040710449,1088.622808456421,1011.0007901476998,8.048527641973852,,,,,,,,,,,,,,,,,,,,,,,
raw,per_run,defense,defense_010,GOOSE_interarrival_ms,publisher,b4:b1:5a:0a:b4:01,117.0,1010.0154876708984,1017.4784183502197,1021.1321830749512,1004.4670104980469,1070.6665515899658,1010.8047448671781,6.597316967872636,,,,,,,,,,,,,,,,,,,,,,,
raw,per_run,defense,defense_010,GOOSE_interarrival_ms,aggregated,ALL,234.0,1010.0076198577881,1017.5474405288696,1021.1252927780151,1001.9412040710449,1088.622808456421,1010.902767507439,7.359436298189039,,,,,,,,,,,,,,,,,,,,,,,
raw,per_run,defense,defense_010,GOOSE_uplink_to_hmi_latency_ms,aggregated,ALL,118.0,0.0030994415283203125,0.004327297210693358,0.009202957153320304,0.0019073486328125,0.1327991485595703,0.004356190309686176,0.011907127481785578,,,,,,,,,,,,,,,,,,,,,,,
raw,per_run,defense,defense_010,GOOSE_delivery_ratio,aggregated,ALL,1.0,,,,,,1.0,,,,,,,,,,,,,,,,,,,,,,,,
raw,per_run,defense,defense_010,SV_rate_pkts_per_sec,aggregated,ALL,1.0,,,,,,39.47161131812179,,,,,,,,,,,,,,,,,,,,,,,,
raw,per_run,defense,lossproxy_001,SV_loss_proxy,aggregated,ALL,1.0,,,,,,0.00040414332199589786,,,,,,,,,,,,,,,,,,,,,,,,
raw,per_run,defense,lossproxy_002,SV_loss_proxy,aggregated,ALL,1.0,,,,,,-0.0007114304155670936,,,,,,,,,,,,,,,,,,,,,,,,
raw,per_run,defense,lossproxy_003,SV_loss_proxy,aggregated,ALL,1.0,,,,,,-0.00019353616570150223,,,,,,,,,,,,,,,,,,,,,,,,
raw,per_run,defense,lossproxy_004,SV_loss_proxy,aggregated,ALL,1.0,,,,,,0.0030176445273912833,,,,,,,,,,,,,,,,,,,,,,,,
raw,per_run,defense,lossproxy_005,SV_loss_proxy,aggregated,ALL,1.0,,,,,,0.004003552905013308,,,,,,,,,,,,,,,,,,,,,,,,
raw,per_run,defense,lossproxy_006,SV_loss_proxy,aggregated,ALL,1.0,,,,,,-1.1458819247467389e-05,,,,,,,,,,,,,,,,,,,,,,,,
raw,per_run,defense,lossproxy_007,SV_loss_proxy,aggregated,ALL,1.0,,,,,,-0.0020922294485044013,,,,,,,,,,,,,,,,,,,,,,,,
raw,per_run,defense,lossproxy_008,SV_loss_proxy,aggregated,ALL,1.0,,,,,,-0.0003986921799135068,,,,,,,,,,,,,,,,,,,,,,,,
raw,per_run,defense,lossproxy_009,SV_loss_proxy,aggregated,ALL,1.0,,,,,,0.0009336521154494903,,,,,,,,,,,,,,,,,,,,,,,,
raw,per_run,defense,lossproxy_010,SV_loss_proxy,aggregated,ALL,1.0,,,,,,0.006296327521150391,,,,,,,,,,,,,,,,,,,,,,,,
raw,summary_mean_ci95,baseline,ALL,SV_interarrival_ms,aggregated,ALL,,,,,,,,,10.0,50.160253047943115,50.15500764444187,50.16549845144436,50.368860960006714,50.31998506612265,50.41773685389078,56.0570657253265,53.264319405079306,58.8498120455737,50.421530366376,50.36085718207294,50.48220355067905,2.6709082154157717,2.153857342814456,3.1879590880170876,50.06608963012695,50.05952616726953,50.072653092984375,124.25129413604736,106.6510134054744,141.85157486662033,4753.0
raw,summary_mean_ci95,baseline,ALL,GOOSE_interarrival_ms,aggregated,ALL,,,,,,,,,10.0,1010.00155210495,1009.9709058017131,1010.0321984081868,1017.599515914917,1016.747349218377,1018.4516826114569,1024.679405927658,1021.2572558470209,1028.1015560082953,1010.5969183976267,1010.2102481256198,1010.9835886696336,4.831291163547073,3.474312052016029,6.188270275078117,1004.1305780410767,1002.6896890824718,1005.5714669996815,1048.0823755264282,1028.7128078604135,1067.451943192443,235.3
raw,summary_mean_ci95,baseline,ALL,GOOSE_uplink_to_hmi_latency_ms,aggregated,ALL,,,,,,,,,10.0,0.00820159912109375,0.0075137677498740875,0.008889430492313413,0.013257265090942378,0.012053537035615092,0.014460993146269663,0.023167133331298804,0.018911618394647837,0.02742264826794977,0.00899226521854811,0.008278022759525593,0.009706507677570626,0.005354447176514647,0.0020953439558808605,0.008613550397148433,0.004553794860839844,0.004088825324253622,0.005018764397426065,0.05576610565185547,0.01778010396134809,0.09375210734236285,118.6
raw,summary_mean_ci95,baseline,ALL,GOOSE_delivery_ratio,aggregated,ALL,,,,,,,,,10.0,,,,,,,,,,0.9995798319327731,0.9986294117647059,1.0005302521008403,,,,,,,,,,
raw,summary_mean_ci95,baseline,ALL,SV_rate_pkts_per_sec,aggregated,ALL,,,,,,,,,10.0,,,,,,,,,,39.67649709296697,39.629063816366624,39.72393036956731,,,,,,,,,,
raw,summary_mean_ci95,baseline,ALL,SV_interarrival_ms,publisher,00:30:a7:00:00:03,,,,,,,,,10.0,50.15913248062134,50.154092242787634,50.16417271845504,50.37564277648926,50.32277738016882,50.42850817280969,56.7719938755035,54.06332623936778,59.48066151163921,50.43138402862448,50.365622413923006,50.49714564332595,2.725868255561036,2.144884721421109,3.3068517897009633,50.071167945861816,50.06595527413834,50.07638061758529,120.45493125915527,100.74721394914107,140.16264856916948,2376.1
raw,summary_mean_ci95,baseline,ALL,SV_interarrival_ms,publisher,b4:b1:5a:00:00:02,,,,,,,,,10.0,50.161683559417725,50.1556043236138,50.16776279522165,50.36219596862793,50.316440561438164,50.407951375817696,55.34471702575678,52.42608737475039,58.26334667676317,50.411697467653184,50.35262760746348,50.470767327842886,2.6028716192802537,2.1208078842144373,3.08493535434607,50.06978511810303,50.061245324125224,50.07832491208083,115.69297313690186,101.64005801041098,129.74588826339271,2376.9
raw,summary_mean_ci95,baseline,ALL,GOOSE_interarrival_ms,publisher,00:30:a7:00:00:04,,,,,,,,,10.0,1010.0022554397583,1009.9737456628861,1010.0307652166305,1017.2959613800049,1016.6753985381395,1017.9165242218703,1022.151796579361,1019.7445436093141,1024.5590495494077,1010.5730078642773,1010.1991111328601,1010.9469045956945,4.53772199608588,3.286702777143249,5.7887412150285105,1004.3376445770264,1002.802674575933,1005.8726145781197,1038.5700464248657,1020.6426599600832,1056.4974328896483,117.7
raw,summary_mean_ci95,baseline,ALL,GOOSE_interarrival_ms,publisher,b4:b1:5a:0a:b4:01,,,,,,,,,10.0,1009.9973440170288,1009.9527164447784,1010.0419715892792,1017.503879070282,1016.429164576091,1018.578593564473,1027.073621749878,1022.9540460895266,1031.1931974102292,1010.6209585947454,1010.190616306917,1011.0513008825737,5.075088696878484,3.563812422488162,6.5863649712688055,1005.1648616790771,1004.8560541412286,1005.4736692169257,1043.5943126678467,1023.354409986401,1063.8342153492924,117.6
raw,summary_mean_ci95,defense,ALL,SV_interarrival_ms,aggregated,ALL,,,,,,,,,10.0,50.1447319984436,50.14259463415036,50.146869362736844,50.36136031150818,50.33401305615353,50.38870756686283,57.285156965255716,55.04154518609151,59.52876874441992,50.47951754074971,50.410911739480625,50.5481233420188,3.63723918172422,3.066813074015415,4.207665289433025,50.051140785217285,50.04698893174533,50.05529263868924,151.59358978271484,140.85902381717366,162.32815574825602,4748.3
raw,summary_mean_ci95,defense,ALL,GOOSE_interarrival_ms,aggregated,ALL,,,,,,,,,10.0,1009.9822044372559,1009.9585989993024,1010.0058098752094,1017.5981104373932,1016.6799968795203,1018.516223995266,1025.9077110290527,1020.989988558107,1030.8254334999983,1010.4741880492335,1010.0738025306058,1010.8745735678611,5.289377092615586,4.136977809860414,6.441776375370758,1004.294753074646,1003.1878787752796,1005.4016273740124,1057.4047327041626,1037.9463563736176,1076.8631090347076,235.1
raw,summary_mean_ci95,defense,ALL,GOOSE_uplink_to_hmi_latency_ms,aggregated,ALL,,,,,,,,,10.0,0.0031232833862304688,0.0029974460601806642,0.0032491207122802733,0.0045621395111083984,0.0043574865038264335,0.004766792518390363,0.008280515670776355,0.005647341685562133,0.010913689655990577,0.0034865635512069055,0.0031944489783663154,0.0037786781240474955,0.00270557537288269,0.00022186401197445745,0.0051892867337909225,0.002002716064453125,0.0019146482817621938,0.002090783847144056,0.029349327087402344,0.0013589331393032457,0.057339721035501445,118.7
raw,summary_mean_ci95,defense,ALL,GOOSE_delivery_ratio,aggregated,ALL,,,,,,,,,10.0,,,,,,,,,,1.0,1.0,1.0,,,,,,,,,,
raw,summary_mean_ci95,defense,ALL,SV_rate_pkts_per_sec,aggregated,ALL,,,,,,,,,10.0,,,,,,,,,,39.63177043221212,39.57682546303393,39.686715401390316,,,,,,,,,,
raw,summary_mean_ci95,defense,ALL,SV_interarrival_ms,publisher,00:30:a7:00:00:03,,,,,,,,,10.0,50.14340877532959,50.14025381538627,50.14656373527291,50.3642737865448,50.3182589032654,50.4102886698242,57.07326531410214,54.789177423931534,59.35735320427274,50.478674008366326,50.40986992432749,50.547478092405164,3.6696821505044523,3.142001801454588,4.197362499554316,50.05972385406494,50.05026901774672,50.06917869038316,146.519136428833,133.57783498667698,159.46043787098904,2374.2
raw,summary_mean_ci95,defense,ALL,SV_interarrival_ms,publisher,b4:b1:5a:00:00:02,,,,,,,,,10.0,50.14617443084717,50.14264800613716,50.14970085555718,50.36367416381836,50.33889753711236,50.38845079052436,57.1347825527191,54.504047663890674,59.76551744154753,50.4803815575966,50.40779628382359,50.55296683136961,3.589062696756149,2.92928577717061,4.248839616341688,50.05440711975098,50.05002934477113,50.05878489473082,140.25187492370605,126.69501790092106,153.80873194649106,2374.1
raw,summary_mean_ci95,defense,ALL,GOOSE_interarrival_ms,publisher,00:30:a7:00:00:04,,,,,,,,,10.0,1009.9664449691772,1009.9365773721948,1009.9963125661596,1017.7860593795776,1016.3278205821765,1019.2442981769788,1025.7694244384766,1018.80848038807,1032.7303684888832,1010.4491516177108,1009.8903870949885,1011.007916140433,4.963793256142277,3.5002653681762403,6.427321144108314,1004.8639297485352,1004.0944582008301,1005.6334012962402,1040.9070014953613,1024.253919493473,1057.5600834972497,117.4
raw,summary_mean_ci95,defense,ALL,GOOSE_interarrival_ms,publisher,b4:b1:5a:0a:b4:01,,,,,,,,,10.0,1009.9609017372131,1009.8460092822484,1010.0757941921779,1017.6254951953888,1016.4605104240081,1018.7904799667695,1025.1541125774384,1019.0636756912986,1031.244549463578,1010.5001579000349,1010.0122161078962,1010.9880996921736,5.263070469733899,3.732150812309146,6.793990127158652,1004.6609878540039,1003.6792078360048,1005.642767872003,1046.9761371612549,1026.6034678002568,1067.348806522253,117.7
raw,summary_mean_ci95,defense,ALL,SV_loss_proxy,aggregated,ALL,,,,,,,,,10.0,,,,,,,,,,0.0011247973362066399,-0.0006948563839545051,0.002944451056367785,,,,,,,,,,
delta,per_run,defense_minus_baseline,001,SV_interarrival_ms,publisher,00:30:a7:00:00:03,2376.0,-0.012159347534179688,0.0026702880859375,1.263225078582792,-0.015735626220703125,25.319337844848633,-0.008859384826749306,0.34509357062771473,,,,,,,,,,,,,,,,,,,,,,,
delta,per_run,defense_minus_baseline,001,SV_interarrival_ms,publisher,b4:b1:5a:00:00:02,2376.0,-0.026226043701171875,0.02950429916381836,4.20337438583374,-0.0133514404296875,17.72284507751465,0.060709881959986944,0.672481239507507,,,,,,,,,,,,,,,,,,,,,,,
delta,per_run,defense_minus_baseline,001,SV_interarrival_ms,aggregated,ALL,4752.0,-0.019431114196777344,0.018334388732910156,3.422143459319983,-0.015735626220703125,25.319337844848633,0.025957532319814902,0.5002727668451956,,,,,,,,,,,,,,,,,,,,,,,
delta,per_run,defense_minus_baseline,001,GOOSE_interarrival_ms,publisher,00:30:a7:00:00:04,117.0,-0.05602836608886719,-0.35233497619628906,-3.2793807983398438,4.709959030151367,5.337953567504883,-0.02405786106726282,0.08172192992035843,,,,,,,,,,,,,,,,,,,,,,,
delta,per_run,defense_minus_baseline,001,GOOSE_interarrival_ms,publisher,b4:b1:5a:0a:b4:01,117.0,0.012874603271484375,2.579927444458008,17.091712951660156,-0.11467933654785156,62.00838088989258,1.4972849788829308,5.19649106701614,,,,,,,,,,,,,,,,,,,,,,,
delta,per_run,defense_minus_baseline,001,GOOSE_interarrival_ms,aggregated,ALL,234.0,-0.0026226043701171875,0.0811457633972168,3.2164764404296875,4.686117172241211,62.00838088989258,0.736613558907834,3.2616925435514217,,,,,,,,,,,,,,,,,,,,,,,
delta,per_run,defense_minus_baseline,001,GOOSE_uplink_to_hmi_latency_ms,aggregated,ALL,118.0,-0.0050067901611328125,-0.007903575897216795,-0.02359628677368162,-0.0030994415283203125,-0.04792213439941406,-0.005742250862768141,-0.00450114983971912,,,,,,,,,,,,,,,,,,,,,,,
delta,per_run,defense_minus_baseline,001,GOOSE_delivery_ratio,aggregated,ALL,1.0,,,,,,0.0,,,,,,,,,,,,,,,,,,,,,,,,
delta,per_run,defense_minus_baseline,001,SV_rate_pkts_per_sec,aggregated,ALL,1.0,,,,,,-0.016042277269797012,,,,,,,,,,,,,,,,,,,,,,,,
delta,per_run,defense_minus_baseline,002,SV_interarrival_ms,publisher,00:30:a7:00:00:03,2377.0,-0.0133514404296875,0.051212310791015625,1.1397933959959872,-0.023603439331054688,-40.31181335449219,-0.01880477645289602,-0.9366863085999872,,,,,,,,,,,,,,,,,,,,,,,
delta,per_run,defense_minus_baseline,002,SV_interarrival_ms,publisher,b4:b1:5a:00:00:02,2379.0,-0.0209808349609375,0.017511844635009766,1.6231608390806471,-0.033855438232421875,-19.427061080932617,-0.04693400001612247,-0.6573031988938189,,,,,,,,,,,,,,,,,,,,,,,
delta,per_run,defense_minus_baseline,002,SV_interarrival_ms,aggregated,ALL,4756.0,-0.0171661376953125,0.03377199172973633,1.467137336730822,-0.0324249267578125,-40.31181335449219,-0.03287547781955169,-0.7991580148536759,,,,,,,,,,,,,,,,,,,,,,,
delta,per_run,defense_minus_baseline,002,GOOSE_interarrival_ms,publisher,00:30:a7:00:00:04,117.0,-0.11718273162841797,-0.5118131637573242,2.0743441581726074,-0.5745887756347656,-63.406944274902344,-1.126007758826745,-4.633098303516776,,,,,,,,,,,,,,,,,,,,,,,
delta,per_run,defense_minus_baseline,002,GOOSE_interarrival_ms,publisher,b4:b1:5a:0a:b4:01,117.0,0.01728534698486328,-0.04655122756958008,-10.484316349029541,-0.03314018249511719,-97.96643257141113,-1.3396973093920224,-7.6459283835066625,,,,,,,,,,,,,,,,,,,,,,,
delta,per_run,defense_minus_baseline,002,GOOSE_interarrival_ms,aggregated,ALL,234.0,-0.043272972106933594,-1.010453701019287,-5.718576908111572,-0.03314018249511719,-82.37648010253906,-1.2328525341094974,-6.114727863257361,,,,,,,,,,,,,,,,,,,,,,,
delta,per_run,defense_minus_baseline,002,GOOSE_uplink_to_hmi_latency_ms,aggregated,ALL,118.0,-0.00667572021484375,-0.010395050048828116,-0.02088069915771483,-0.002384185791015625,-0.035762786865234375,-0.0068049640707133615,-0.0038545532980112044,,,,,,,,,,,,,,,,,,,,,,,
delta,per_run,defense_minus_baseline,002,GOOSE_delivery_ratio,aggregated,ALL,1.0,,,,,,0.0,,,,,,,,,,,,,,,,,,,,,,,,
delta,per_run,defense_minus_baseline,002,SV_rate_pkts_per_sec,aggregated,ALL,1.0,,,,,,0.028220183772489804,,,,,,,,,,,,,,,,,,,,,,,,
delta,per_run,defense_minus_baseline,003,SV_interarrival_ms,publisher,00:30:a7:00:00:03,2381.0,-0.01919269561767578,-0.07946491241455078,-1.6393446922303099,-0.017404556274414062,51.932573318481445,-0.05827666218561234,0.5204223593991397,,,,,,,,,,,,,,,,,,,,,,,
delta,per_run,defense_minus_baseline,003,SV_interarrival_ms,publisher,b4:b1:5a:00:00:02,2378.0,-0.011205673217773438,-0.0637054443359375,-2.6302218437192906,-0.0021457672119140625,38.945913314819336,0.0490355210311364,1.2275470476896226,,,,,,,,,,,,,,,,,,,,,,,
delta,per_run,defense_minus_baseline,003,SV_interarrival_ms,aggregated,ALL,4759.0,-0.014781951904296875,-0.06825923919677734,-2.109107971191193,-0.011205673217773438,51.932573318481445,-0.004639197063930567,0.8571914842550368,,,,,,,,,,,,,,,,,,,,,,,
delta,per_run,defense_minus_baseline,003,GOOSE_interarrival_ms,publisher,00:30:a7:00:00:04,118.0,-0.011444091796875,1.0359525680541992,6.467690467834473,-0.1785755157470703,13.140439987182617,0.423360679109237,0.9693504313706294,,,,,,,,,,,,,,,,,,,,,,,
delta,per_run,defense_minus_baseline,003,GOOSE_interarrival_ms,publisher,b4:b1:5a:0a:b4:01,118.0,0.10085105895996094,2.0820140838623047,-5.022430419921875,0.018596649169921875,-8.45646858215332,0.3060749021626634,-0.620469662225112,,,,,,,,,,,,,,,,,,,,,,,
delta,per_run,defense_minus_baseline,003,GOOSE_interarrival_ms,aggregated,ALL,236.0,0.04398822784423828,1.7462968826293945,4.2441606521606445,-0.1373291015625,-8.45646858215332,0.3647177906359502,0.12089598207255836,,,,,,,,,,,,,,,,,,,,,,,
delta,per_run,defense_minus_baseline,003,GOOSE_uplink_to_hmi_latency_ms,aggregated,ALL,119.0,-0.0045299530029296875,-0.008988380432128898,-0.011138916015625005,-0.002384185791015625,-0.03361701965332031,-0.005235191152877167,-0.0030587723174860682,,,,,,,,,,,,,,,,,,,,,,,
delta,per_run,defense_minus_baseline,003,GOOSE_delivery_ratio,aggregated,ALL,1.0,,,,,,0.0,,,,,,,,,,,,,,,,,,,,,,,,
delta,per_run,defense_minus_baseline,003,SV_rate_pkts_per_sec,aggregated,ALL,1.0,,,,,,0.007682387214629216,,,,,,,,,,,,,,,,,,,,,,,,
delta,per_run,defense_minus_baseline,004,SV_interarrival_ms,publisher,00:30:a7:00:00:03,2376.0,-0.030517578125,-0.05269050598144531,0.16876459121712628,-0.0054836273193359375,104.61878776550293,0.1502160579144629,3.110899800540499,,,,,,,,,,,,,,,,,,,,,,,
delta,per_run,defense_minus_baseline,004,SV_interarrival_ms,publisher,b4:b1:5a:00:00:02,2375.0,-0.034332275390625,0.007736682891845703,2.996978759765611,-0.0040531158447265625,91.34840965270996,0.14795489207878632,2.7382832891604787,,,,,,,,,,,,,,,,,,,,,,,
delta,per_run,defense_minus_baseline,004,SV_interarrival_ms,aggregated,ALL,4751.0,-0.0324249267578125,-0.043511390686035156,2.0802736282349272,-0.0040531158447265625,95.27444839477539,0.14908570579220992,2.921191556405647,,,,,,,,,,,,,,,,,,,,,,,
delta,per_run,defense_minus_baseline,004,GOOSE_interarrival_ms,publisher,00:30:a7:00:00:04,118.0,-0.06794929504394531,-0.39424896240234375,12.542800903320312,0.05364418029785156,17.421722412109375,-1.0173179335513396,1.4388057590114123,,,,,,,,,,,,,,,,,,,,,,,
delta,per_run,defense_minus_baseline,004,GOOSE_interarrival_ms,publisher,b4:b1:5a:0a:b4:01,118.0,-0.08404254913330078,-3.885483741760254,-9.350574016571045,0.5595684051513672,-16.7388916015625,-1.2797953753338334,-1.4580999364914953,,,,,,,,,,,,,,,,,,,,,,,
delta,per_run,defense_minus_baseline,004,GOOSE_interarrival_ms,aggregated,ALL,236.0,-0.09357929229736328,-3.07009220123291,0.20206212997436523,0.05364418029785156,4.359722137451172,-1.1479083355952753,0.07339112877380938,,,,,,,,,,,,,,,,,,,,,,,
delta,per_run,defense_minus_baseline,004,GOOSE_uplink_to_hmi_latency_ms,aggregated,ALL,119.0,-0.0064373016357421875,-0.00965595245361326,-0.013353824615478517,-0.00286102294921875,-0.020742416381835938,-0.006302132122266362,-0.0023626957740126146,,,,,,,,,,,,,,,,,,,,,,,
delta,per_run,defense_minus_baseline,004,GOOSE_delivery_ratio,aggregated,ALL,1.0,,,,,,0.004201680672268893,,,,,,,,,,,,,,,,,,,,,,,,
delta,per_run,defense_minus_baseline,004,SV_rate_pkts_per_sec,aggregated,ALL,1.0,,,,,,-0.11998044571681277,,,,,,,,,,,,,,,,,,,,,,,,
delta,per_run,defense_minus_baseline,005,SV_interarrival_ms,publisher,00:30:a7:00:00:03,2369.0,-0.013113021850585938,0.08134841918945312,8.338575363159244,-0.022649765014648438,4.397153854370117,0.17144396334487766,0.7017531017651693,,,,,,,,,,,,,,,,,,,,,,,
delta,per_run,defense_minus_baseline,005,SV_interarrival_ms,publisher,b4:b1:5a:00:00:02,2368.0,-0.015377998352050781,0.11124610900878906,12.35815525054933,-0.03552436828613281,-8.389711380004883,0.22471669547606155,0.9167742260429326,,,,,,,,,,,,,,,,,,,,,,,
delta,per_run,defense_minus_baseline,005,SV_interarrival_ms,aggregated,ALL,4737.0,-0.01430511474609375,0.09611845016479492,10.66960096359265,-0.0286102294921875,-1.6732215881347656,0.1980892460865462,0.8069433606211254,,,,,,,,,,,,,,,,,,,,,,,
delta,per_run,defense_minus_baseline,005,GOOSE_interarrival_ms,publisher,00:30:a7:00:00:04,117.0,-0.032901763916015625,6.280326843261605,23.525116443634033,0.12540817260742188,44.56186294555664,1.528531835335798,5.1787812493663345,,,,,,,,,,,,,,,,,,,,,,,
delta,per_run,defense_minus_baseline,005,GOOSE_interarrival_ms,publisher,b4:b1:5a:0a:b4:01,118.0,0.022411346435546875,2.0412325859069824,3.25467586517334,-4.889965057373047,-13.706207275390625,0.26180380481775956,-0.07359815150194393,,,,,,,,,,,,,,,,,,,,,,,
delta,per_run,defense_minus_baseline,005,GOOSE_interarrival_ms,aggregated,ALL,235.0,0.0026226043701171875,2.886688709259033,16.80490255355835,-3.99017333984375,32.00364112854004,0.8919144338792648,2.8946866811165357,,,,,,,,,,,,,,,,,,,,,,,
delta,per_run,defense_minus_baseline,005,GOOSE_uplink_to_hmi_latency_ms,aggregated,ALL,119.0,-0.0059604644775390625,-0.00913143157958984,-0.014176368713378901,-0.00286102294921875,-0.023365020751953125,-0.006060640351111147,-0.0024657438939948532,,,,,,,,,,,,,,,,,,,,,,,
delta,per_run,defense_minus_baseline,005,GOOSE_delivery_ratio,aggregated,ALL,1.0,,,,,,0.0,,,,,,,,,,,,,,,,,,,,,,,,
delta,per_run,defense_minus_baseline,005,SV_rate_pkts_per_sec,aggregated,ALL,1.0,,,,,,-0.1589273034948704,,,,,,,,,,,,,,,,,,,,,,,,
delta,per_run,defense_minus_baseline,006,SV_interarrival_ms,publisher,00:30:a7:00:00:03,2375.0,-0.019788742065429688,-0.09365081787109375,-4.084153175354075,-0.023365020751953125,10.365486145019531,-0.03135828733164203,0.4182887629917782,,,,,,,,,,,,,,,,,,,,,,,
delta,per_run,defense_minus_baseline,006,SV_interarrival_ms,publisher,b4:b1:5a:00:00:02,2373.0,0.0020265579223632812,-0.04286766052246094,1.0417652130127593,-0.00858306884765625,11.546611785888672,0.013047538974234385,0.36324229254109364,,,,,,,,,,,,,,,,,,,,,,,
delta,per_run,defense_minus_baseline,006,SV_interarrival_ms,aggregated,ALL,4748.0,-0.008106231689453125,-0.0669717788696289,-1.4777779579162527,-0.01239776611328125,11.546611785888672,-0.009158165185013445,0.3907750602223361,,,,,,,,,,,,,,,,,,,,,,,
delta,per_run,defense_minus_baseline,006,GOOSE_interarrival_ms,publisher,00:30:a7:00:00:04,117.0,-0.047206878662109375,-0.33893585205078125,1.0575199127197266,0.026702880859375,4.435300827026367,-0.6400723742623313,0.020791352531877028,,,,,,,,,,,,,,,,,,,,,,,
delta,per_run,defense_minus_baseline,006,GOOSE_interarrival_ms,publisher,b4:b1:5a:0a:b4:01,118.0,-0.5052089691162109,-3.1168341636657715,-11.69069528579712,-0.29540061950683594,47.44529724121094,-1.1081528218089716,2.8427893143816494,,,,,,,,,,,,,,,,,,,,,,,
delta,per_run,defense_minus_baseline,006,GOOSE_interarrival_ms,aggregated,ALL,235.0,-0.10395050048828125,-1.1016011238098145,-1.5561699867248535,0.026702880859375,47.44529724121094,-0.8745443086057776,1.7523193586371573,,,,,,,,,,,,,,,,,,,,,,,
delta,per_run,defense_minus_baseline,006,GOOSE_uplink_to_hmi_latency_ms,aggregated,ALL,119.0,-0.003814697265625,-0.0068545341491699115,0.0016689300537108959,-0.002384185791015625,0.030994415283203125,-0.0036797145207270207,0.002322258874215561,,,,,,,,,,,,,,,,,,,,,,,
delta,per_run,defense_minus_baseline,006,GOOSE_delivery_ratio,aggregated,ALL,1.0,,,,,,0.0,,,,,,,,,,,,,,,,,,,,,,,,
delta,per_run,defense_minus_baseline,006,SV_rate_pkts_per_sec,aggregated,ALL,1.0,,,,,,0.00045394986027957884,,,,,,,,,,,,,,,,,,,,,,,,
delta,per_run,defense_minus_baseline,007,SV_interarrival_ms,publisher,00:30:a7:00:00:03,2373.0,-0.010251998901367188,-0.2254009246826172,-6.613392829894934,0.01049041748046875,-3.693103790283203,-0.15210760547758184,0.18370301152606983,,,,,,,,,,,,,,,,,,,,,,,
delta,per_run,defense_minus_baseline,007,SV_interarrival_ms,publisher,b4:b1:5a:00:00:02,2370.0,-0.012993812561035156,-0.09992122650146484,-6.38299703598026,-0.015020370483398438,24.016141891479492,-0.05012432083339746,0.9966566068514142,,,,,,,,,,,,,,,,,,,,,,,
delta,per_run,defense_minus_baseline,007,SV_interarrival_ms,aggregated,ALL,4743.0,-0.011682510375976562,-0.17375946044921875,-6.482076644897418,-0.015020370483398438,9.933233261108398,-0.10113170152892081,0.5950191581664326,,,,,,,,,,,,,,,,,,,,,,,
delta,per_run,defense_minus_baseline,007,GOOSE_interarrival_ms,publisher,00:30:a7:00:00:04,118.0,0.023603439331054688,-1.2228965759277344,-6.578311920166016,0.022649765014648438,-34.81459617614746,-0.5507206512709217,-2.257663102818291,,,,,,,,,,,,,,,,,,,,,,,
delta,per_run,defense_minus_baseline,007,GOOSE_interarrival_ms,publisher,b4:b1:5a:0a:b4:01,118.0,0.04684925079345703,-1.1941790580749512,-9.492666721343994,-0.8409023284912109,-6.910085678100586,-0.3823203555608643,-1.1125799552092248,,,,,,,,,,,,,,,,,,,,,,,
delta,per_run,defense_minus_baseline,007,GOOSE_interarrival_ms,aggregated,ALL,236.0,0.025391578674316406,-1.058340072631836,-9.783554077148438,-0.6535053253173828,-21.70085906982422,-0.46652050341594986,-1.666975678586768,,,,,,,,,,,,,,,,,,,,,,,
delta,per_run,defense_minus_baseline,007,GOOSE_uplink_to_hmi_latency_ms,aggregated,ALL,119.0,-0.003814697265625,-0.0076532363891601545,-0.010619163513183597,-0.0035762786865234375,-0.01430511474609375,-0.00449789672338662,-0.0015976143421940012,,,,,,,,,,,,,,,,,,,,,,,
delta,per_run,defense_minus_baseline,007,GOOSE_delivery_ratio,aggregated,ALL,1.0,,,,,,0.0,,,,,,,,,,,,,,,,,,,,,,,,
delta,per_run,defense_minus_baseline,007,SV_rate_pkts_per_sec,aggregated,ALL,1.0,,,,,,0.08268558832077133,,,,,,,,,,,,,,,,,,,,,,,,
delta,per_run,defense_minus_baseline,008,SV_interarrival_ms,publisher,00:30:a7:00:00:03,2374.0,-0.0035762786865234375,0.06562471389770508,-0.1738762855529501,0.00476837158203125,25.42424201965332,0.043579734200825726,0.7399449611823252,,,,,,,,,,,,,,,,,,,,,,,
delta,per_run,defense_minus_baseline,008,SV_interarrival_ms,publisher,b4:b1:5a:00:00:02,2378.0,-0.0010728836059570312,0.0013828277587890625,-0.957877635955505,-0.000476837158203125,-6.151676177978516,-0.06757665589154271,-0.710804676102395,,,,,,,,,,,,,,,,,,,,,,,
delta,per_run,defense_minus_baseline,008,SV_interarrival_ms,aggregated,ALL,4752.0,-0.0021457672119140625,0.03393888473510742,-0.9972357749938325,-0.000476837158203125,25.42424201965332,-0.012031057065584605,0.07873949701773775,,,,,,,,,,,,,,,,,,,,,,,
delta,per_run,defense_minus_baseline,008,GOOSE_interarrival_ms,publisher,00:30:a7:00:00:04,118.0,-0.044226646423339844,0.9907007217407227,2.582557201385498,-0.2713203430175781,-10.046005249023438,-0.4296777353033576,-0.14361155977785334,,,,,,,,,,,,,,,,,,,,,,,
delta,per_run,defense_minus_baseline,008,GOOSE_interarrival_ms,publisher,b4:b1:5a:0a:b4:01,118.0,0.012636184692382812,3.413510322570801,9.351768493652344,0.8733272552490234,24.610280990600586,0.9741720454892402,2.0722412235230583,,,,,,,,,,,,,,,,,,,,,,,
delta,per_run,defense_minus_baseline,008,GOOSE_interarrival_ms,aggregated,ALL,236.0,-0.02467632293701172,1.9159317016601562,7.321901321411133,0.6055831909179688,13.52834701538086,0.2722471550929413,1.091054172436079,,,,,,,,,,,,,,,,,,,,,,,
delta,per_run,defense_minus_baseline,008,GOOSE_uplink_to_hmi_latency_ms,aggregated,ALL,119.0,-0.0040531158447265625,-0.005757808685302733,-0.01630067825317381,-0.001430511474609375,-0.010013580322265625,-0.004463225683753705,-0.001201388714655847,,,,,,,,,,,,,,,,,,,,,,,
delta,per_run,defense_minus_baseline,008,GOOSE_delivery_ratio,aggregated,ALL,1.0,,,,,,0.0,,,,,,,,,,,,,,,,,,,,,,,,
delta,per_run,defense_minus_baseline,008,SV_rate_pkts_per_sec,aggregated,ALL,1.0,,,,,,0.015820675432529185,,,,,,,,,,,,,,,,,,,,,,,,
delta,per_run,defense_minus_baseline,009,SV_interarrival_ms,publisher,00:30:a7:00:00:03,2375.0,-0.014781951904296875,0.022673606872558594,-0.6428766250609641,-0.017642974853515625,46.47374153137207,0.08941269334429336,1.5165542997735069,,,,,,,,,,,,,,,,,,,,,,,
delta,per_run,defense_minus_baseline,009,SV_interarrival_ms,publisher,b4:b1:5a:00:00:02,2376.0,-0.016450881958007812,0.004410743713378906,-2.7689337730407715,-0.017404556274414062,59.26179885864258,0.015833963850127475,0.991498414902567,,,,,,,,,,,,,,,,,,,,,,,
delta,per_run,defense_minus_baseline,009,SV_interarrival_ms,aggregated,ALL,4751.0,-0.0152587890625,0.014448165893554688,-1.4544105529785227,-0.017642974853515625,59.26179885864258,0.05263289702194385,1.2391308656431055,,,,,,,,,,,,,,,,,,,,,,,
delta,per_run,defense_minus_baseline,009,GOOSE_interarrival_ms,publisher,00:30:a7:00:00:04,117.0,0.021338462829589844,-0.7385730743408203,-3.282194137573242,-0.164031982421875,-22.10545539855957,-0.04739089926033557,-1.2129819106862736,,,,,,,,,,,,,,,,,,,,,,,
delta,per_run,defense_minus_baseline,009,GOOSE_interarrival_ms,publisher,b4:b1:5a:0a:b4:01,118.0,0.015497207641601562,-1.1487364768981934,-4.124755859375,-0.4291534423828125,-7.028818130493164,-0.6455748768175908,-0.5678837173758411,,,,,,,,,,,,,,,,,,,,,,,
delta,per_run,defense_minus_baseline,009,GOOSE_interarrival_ms,aggregated,ALL,235.0,0.013113021850585938,-0.937342643737793,-4.04374361038208,-0.4291534423828125,-22.10545539855957,-0.3474648876651827,-0.9000410436723802,,,,,,,,,,,,,,,,,,,,,,,
delta,per_run,defense_minus_baseline,009,GOOSE_uplink_to_hmi_latency_ms,aggregated,ALL,119.0,-0.00476837158203125,-0.011706352233886717,-0.02227306365966792,-0.0026226043701171875,-0.18906593322753906,-0.007110483506146599,-0.016649298192007226,,,,,,,,,,,,,,,,,,,,,,,
delta,per_run,defense_minus_baseline,009,GOOSE_delivery_ratio,aggregated,ALL,1.0,,,,,,0.0,,,,,,,,,,,,,,,,,,,,,,,,
delta,per_run,defense_minus_baseline,009,SV_rate_pkts_per_sec,aggregated,ALL,1.0,,,,,,-0.03707845577920921,,,,,,,,,,,,,,,,,,,,,,,,
delta,per_run,defense_minus_baseline,010,SV_interarrival_ms,publisher,00:30:a7:00:00:03,2366.0,-0.020503997802734375,0.11398792266845703,5.255999565124505,-0.003814697265625,36.11564636230469,0.2876540648884074,2.8381653902279513,,,,,,,,,,,,,,,,,,,,,,,
delta,per_run,defense_minus_baseline,010,SV_interarrival_ms,publisher,b4:b1:5a:00:00:02,2368.0,-0.018477439880371094,0.0494837760925293,8.41725111007694,-0.023365020751953125,36.71574592590332,0.34017738280500964,3.323535533059543,,,,,,,,,,,,,,,,,,,,,,,
delta,per_run,defense_minus_baseline,010,SV_interarrival_ms,aggregated,ALL,4734.0,-0.01990795135498047,0.08088350296020508,7.162365913391014,-0.011920928955078125,36.71574592590332,0.3139419611796299,3.073203928761543,,,,,,,,,,,,,,,,,,,,,,,
delta,per_run,defense_minus_baseline,010,GOOSE_interarrival_ms,publisher,00:30:a7:00:00:04,117.0,-0.026106834411621094,0.1528024673461914,1.066136360168457,1.5130043029785156,68.84527206420898,0.6447902334335822,4.8186167551625605,,,,,,,,,,,,,,,,,,,,,,,
delta,per_run,defense_minus_baseline,010,GOOSE_interarrival_ms,publisher,b4:b1:5a:0a:b4:01,117.0,-0.0035762786865234375,0.49126148223876953,1.2721896171569824,0.11301040649414062,50.56118965148926,0.5081980604546743,3.246855929943589,,,,,,,,,,,,,,,,,,,,,,,
delta,per_run,defense_minus_baseline,010,GOOSE_interarrival_ms,aggregated,ALL,234.0,-0.01049041748046875,0.5337119102478027,1.5955924987792969,1.5130043029785156,68.51744651794434,0.5764941469441283,4.068564009614097,,,,,,,,,,,,,,,,,,,,,,,
delta,per_run,defense_minus_baseline,010,GOOSE_uplink_to_hmi_latency_ms,aggregated,ALL,118.0,-0.0057220458984375,-0.008904933929443354,-0.018196105957031167,-0.0019073486328125,0.07963180541992188,-0.005160517679661907,0.006880239461545803,,,,,,,,,,,,,,,,,,,,,,,
delta,per_run,defense_minus_baseline,010,GOOSE_delivery_ratio,aggregated,ALL,1.0,,,,,,0.0,,,,,,,,,,,,,,,,,,,,,,,,
delta,per_run,defense_minus_baseline,010,SV_rate_pkts_per_sec,aggregated,ALL,1.0,,,,,,-0.25010090988843814,,,,,,,,,,,,,,,,,,,,,,,,
delta,summary_mean_ci95,defense_minus_baseline,ALL,GOOSE_delivery_ratio,aggregated,ALL,,,,,,,,,10.0,,,,,,,,,,0.00042016806722688926,-0.0005302521008403343,0.0013705882352941128,,,,,,,,,,
delta,summary_mean_ci95,defense_minus_baseline,ALL,GOOSE_interarrival_ms,aggregated,ALL,,,,,,,,,10.0,-0.019347667694091797,-0.05404509927533479,0.015349763887151195,-0.001405477523803711,-1.2854972488735352,1.2826862938259278,1.2283051013946533,-4.0983011975900565,6.554911400379363,-0.12273034839315641,-0.6903770079144217,0.4449163111281088,0.458085929068515,-1.6575853792158157,2.573757237352846,0.16417503356933594,-1.360739333372371,1.6890894005110428,9.322357177734375,-23.51337217187656,42.15808652734531,
delta,summary_mean_ci95,defense_minus_baseline,ALL,GOOSE_interarrival_ms,publisher,00:30:a7:00:00:04,,,,,,,,,10.0,-0.03581047058105469,-0.06573978533430494,-0.005881155827804435,0.4900979995727425,-1.0517526833288109,2.031948682474296,3.6176278591156006,-2.689619276918191,9.924874995149391,-0.12385624656636765,-0.7069892076193832,0.459276714486648,0.4260712600563978,-1.6971448174577957,2.549287337570591,0.5262851715087891,-0.5967833110063072,1.6493536540238853,2.3369550704956055,-24.86692273496677,29.54083287595798,
delta,summary_mean_ci95,defense_minus_baseline,ALL,GOOSE_interarrival_ms,publisher,b4:b1:5a:0a:b4:01,,,,,,,,,10.0,-0.03644227981567383,-0.15866567442191143,0.08578111479056376,0.12161612510681152,-1.6380071288060845,1.8812393790197075,-1.9195091724395752,-8.752779810721789,4.913761465842638,-0.12080069471060143,-0.8236418376312038,0.582040448210001,0.18798177285541576,-2.33656581680231,2.7125293625131417,-0.5038738250732422,-1.658617008841883,0.6508693586953986,3.381824493408203,-29.809565482068706,36.57321446888511,
delta,summary_mean_ci95,defense_minus_baseline,ALL,GOOSE_uplink_to_hmi_latency_ms,aggregated,ALL,,,,,,,,,10.0,-0.005078315734863281,-0.0058412169342583605,-0.004315414535468202,-0.00869512557983398,-0.00993243222039416,-0.007457818939273798,-0.014886617660522447,-0.020156509780670226,-0.009616725540374666,-0.005505701667341203,-0.006292561467014176,-0.00471884186766823,-0.0026488718036319575,-0.006913449698809784,0.0016157060915458687,-0.0025510787963867188,-0.002984389590171253,-0.0021177680026021844,-0.026416778564453125,-0.07531414971286228,0.02248059258395603,
delta,summary_mean_ci95,defense_minus_baseline,ALL,SV_interarrival_ms,aggregated,ALL,,,,,,,,,10.0,-0.015521049499511719,-0.021232003587006457,-0.009810095412016981,-0.007500648498535156,-0.06555655732524782,0.050555260328177504,1.2280912399292176,-2.3085478012628284,4.764730281121264,0.05798717437371437,-0.0316731916010847,0.14764754034851343,0.9663309663084485,0.10785481391889362,1.8248071186980033,-0.014948844909667969,-0.021932093464430393,-0.007965596354905544,27.34229564666748,0.8925769799938763,53.792014313341085,
delta,summary_mean_ci95,defense_minus_baseline,ALL,SV_interarrival_ms,publisher,00:30:a7:00:00:03,,,,,,,,,10.0,-0.015723705291748047,-0.020913738122272717,-0.010533672461223376,-0.011368989944458008,-0.084641270477144,0.06190329058822798,0.301271438598642,-2.740268861430991,3.342811738628275,0.04728997974183855,-0.04511163656362723,0.13969159604730433,0.9438138949434167,0.06318291708018764,1.8244448728066458,-0.011444091796875,-0.02019048338350836,-0.0026977002102416426,26.064205169677734,-1.5014038488161603,53.62981418817163,
delta,summary_mean_ci95,defense_minus_baseline,ALL,SV_interarrival_ms,publisher,b4:b1:5a:00:00:02,,,,,,,,,10.0,-0.01550912857055664,-0.023233746060776158,-0.007784511080337124,0.0014781951904296875,-0.04113524947979736,0.044091639860656735,1.79006552696232,-2.186497714037312,5.766628767961953,0.068684089943428,-0.025709612453730962,0.16307779234058697,0.9861910774758945,0.07314837095699833,1.8992337839947906,-0.015377998352050781,-0.024270682411272098,-0.0064853142928294645,24.5589017868042,0.4783491498646022,48.6394544237438,
delta,summary_mean_ci95,defense_minus_baseline,ALL,SV_rate_pkts_per_sec,aggregated,ALL,,,,,,,,,10.0,,,,,,,,,,-0.04472666075484284,-0.1169588726778368,0.02750555116815112,,,,,,,,,,
